Flow,Packet,Class,Arrival,Deadline,Execution_Time,Gate_Open,Gate_Close,Response_Time,Status,Scheduled,Deadline_Met,Solver_Execution_Time_Seconds,Solver_Execution_Time_Minutes,Solver_Status,Objective_Value,Stopping_Reason
F1,P1_1,3,0,400000,600,189137,189737,189737,Scheduled - Deadline Met,Yes,Yes,2700.0821871757507,45.001369786262515,Time Limit Exceeded,15181064.0,Gurobi Status: 9
F1,P1_2,3,400000,800000,600,589137,589737,189737,Scheduled - Deadline Met,Yes,Yes,2700.0821871757507,45.001369786262515,Time Limit Exceeded,15181064.0,Gurobi Status: 9
F1,P1_3,3,800000,1200000,600,989137,989737,189737,Scheduled - Deadline Met,Yes,Yes,2700.0821871757507,45.001369786262515,Time Limit Exceeded,15181064.0,Gurobi Status: 9
F10,P10_1,3,0,200000,1104,133758,134862,134862,Scheduled - Deadline Met,Yes,Yes,2700.0821871757507,45.001369786262515,Time Limit Exceeded,15181064.0,Gurobi Status: 9
F10,P10_2,3,200000,400000,1104,254021,255125,55125,Scheduled - Deadline Met,Yes,Yes,2700.0821871757507,45.001369786262515,Time Limit Exceeded,15181064.0,Gurobi Status: 9
F10,P10_3,3,400000,600000,1104,500712,501816,101816,Scheduled - Deadline Met,Yes,Yes,2700.0821871757507,45.001369786262515,Time Limit Exceeded,15181064.0,Gurobi Status: 9
F10,P10_4,3,600000,800000,1104,654021,655125,55125,Scheduled - Deadline Met,Yes,Yes,2700.0821871757507,45.001369786262515,Time Limit Exceeded,15181064.0,Gurobi Status: 9
F10,P10_5,3,800000,1000000,1104,900712,901816,101816,Scheduled - Deadline Met,Yes,Yes,2700.0821871757507,45.001369786262515,Time Limit Exceeded,15181064.0,Gurobi Status: 9
F10,P10_6,3,1000000,1200000,1104,1054021,1055125,55125,Scheduled - Deadline Met,Yes,Yes,2700.0821871757507,45.001369786262515,Time Limit Exceeded,15181064.0,Gurobi Status: 9
F11,P11_1,6,0,100000,1644,18452,20096,20096,Scheduled - Deadline Met,Yes,Yes,2700.0821871757507,45.001369786262515,Time Limit Exceeded,15181064.0,Gurobi Status: 9
F11,P11_2,6,100000,200000,1644,171931,173575,73575,Scheduled - Deadline Met,Yes,Yes,2700.0821871757507,45.001369786262515,Time Limit Exceeded,15181064.0,Gurobi Status: 9
F11,P11_3,6,200000,300000,1644,213260,214904,14904,Scheduled - Deadline Met,Yes,Yes,2700.0821871757507,45.001369786262515,Time Limit Exceeded,15181064.0,Gurobi Status: 9
F11,P11_4,6,300000,400000,1644,312146,313790,13790,Scheduled - Deadline Met,Yes,Yes,2700.0821871757507,45.001369786262515,Time Limit Exceeded,15181064.0,Gurobi Status: 9
F11,P11_5,6,400000,500000,1644,418452,420096,20096,Scheduled - Deadline Met,Yes,Yes,2700.0821871757507,45.001369786262515,Time Limit Exceeded,15181064.0,Gurobi Status: 9
F11,P11_6,6,500000,600000,1644,571931,573575,73575,Scheduled - Deadline Met,Yes,Yes,2700.0821871757507,45.001369786262515,Time Limit Exceeded,15181064.0,Gurobi Status: 9
F11,P11_7,6,600000,700000,1644,613260,614904,14904,Scheduled - Deadline Met,Yes,Yes,2700.0821871757507,45.001369786262515,Time Limit Exceeded,15181064.0,Gurobi Status: 9
F11,P11_8,6,700000,800000,1644,712146,713790,13790,Scheduled - Deadline Met,Yes,Yes,2700.0821871757507,45.001369786262515,Time Limit Exceeded,15181064.0,Gurobi Status: 9
F11,P11_9,6,800000,900000,1644,818452,820096,20096,Scheduled - Deadline Met,Yes,Yes,2700.0821871757507,45.001369786262515,Time Limit Exceeded,15181064.0,Gurobi Status: 9
F11,P11_10,6,900000,1000000,1644,971931,973575,73575,Scheduled - Deadline Met,Yes,Yes,2700.0821871757507,45.001369786262515,Time Limit Exceeded,15181064.0,Gurobi Status: 9
F11,P11_11,6,1000000,1100000,1644,1013260,1014904,14904,Scheduled - Deadline Met,Yes,Yes,2700.0821871757507,45.001369786262515,Time Limit Exceeded,15181064.0,Gurobi Status: 9
F11,P11_12,6,1100000,1200000,1644,1112146,1113790,13790,Scheduled - Deadline Met,Yes,Yes,2700.0821871757507,45.001369786262515,Time Limit Exceeded,15181064.0,Gurobi Status: 9
F12,P12_1,4,0,200000,6055,71154,77209,77209,Scheduled - Deadline Met,Yes,Yes,2700.0821871757507,45.001369786262515,Time Limit Exceeded,15181064.0,Gurobi Status: 9
F12,P12_2,4,200000,400000,6055,229434,235489,35489,Scheduled - Deadline Met,Yes,Yes,2700.0821871757507,45.001369786262515,Time Limit Exceeded,15181064.0,Gurobi Status: 9
F12,P12_3,4,400000,600000,6055,471154,477209,77209,Scheduled - Deadline Met,Yes,Yes,2700.0821871757507,45.001369786262515,Time Limit Exceeded,15181064.0,Gurobi Status: 9
F12,P12_4,4,600000,800000,6055,629434,635489,35489,Scheduled - Deadline Met,Yes,Yes,2700.0821871757507,45.001369786262515,Time Limit Exceeded,15181064.0,Gurobi Status: 9
F12,P12_5,4,800000,1000000,6055,871154,877209,77209,Scheduled - Deadline Met,Yes,Yes,2700.0821871757507,45.001369786262515,Time Limit Exceeded,15181064.0,Gurobi Status: 9
F12,P12_6,4,1000000,1200000,6055,1029434,1035489,35489,Scheduled - Deadline Met,Yes,Yes,2700.0821871757507,45.001369786262515,Time Limit Exceeded,15181064.0,Gurobi Status: 9
F13,P13_1,3,0,400000,10135,168508,178643,178643,Scheduled - Deadline Met,Yes,Yes,2700.0821871757507,45.001369786262515,Time Limit Exceeded,15181064.0,Gurobi Status: 9
F13,P13_2,3,400000,800000,10135,568508,578643,178643,Scheduled - Deadline Met,Yes,Yes,2700.0821871757507,45.001369786262515,Time Limit Exceeded,15181064.0,Gurobi Status: 9
F13,P13_3,3,800000,1200000,10135,968508,978643,178643,Scheduled - Deadline Met,Yes,Yes,2700.0821871757507,45.001369786262515,Time Limit Exceeded,15181064.0,Gurobi Status: 9
F14,P14_1,8,0,400000,8807,107553,116360,116360,Scheduled - Deadline Met,Yes,Yes,2700.0821871757507,45.001369786262515,Time Limit Exceeded,15181064.0,Gurobi Status: 9
F14,P14_2,8,400000,800000,8807,516393,525200,125200,Scheduled - Deadline Met,Yes,Yes,2700.0821871757507,45.001369786262515,Time Limit Exceeded,15181064.0,Gurobi Status: 9
F14,P14_3,8,800000,1200000,8807,916393,925200,125200,Scheduled - Deadline Met,Yes,Yes,2700.0821871757507,45.001369786262515,Time Limit Exceeded,15181064.0,Gurobi Status: 9
F15,P15_1,5,0,400000,600,44334,44934,44934,Scheduled - Deadline Met,Yes,Yes,2700.0821871757507,45.001369786262515,Time Limit Exceeded,15181064.0,Gurobi Status: 9
F15,P15_2,5,400000,800000,600,462573,463173,63173,Scheduled - Deadline Met,Yes,Yes,2700.0821871757507,45.001369786262515,Time Limit Exceeded,15181064.0,Gurobi Status: 9
F15,P15_3,5,800000,1200000,600,844334,844934,44934,Scheduled - Deadline Met,Yes,Yes,2700.0821871757507,45.001369786262515,Time Limit Exceeded,15181064.0,Gurobi Status: 9
F16,P16_1,4,0,100000,1817,10526,12343,12343,Scheduled - Deadline Met,Yes,Yes,2700.0821871757507,45.001369786262515,Time Limit Exceeded,15181064.0,Gurobi Status: 9
F16,P16_2,4,100000,200000,1817,107553,109370,9370,Scheduled - Deadline Met,Yes,Yes,2700.0821871757507,45.001369786262515,Time Limit Exceeded,15181064.0,Gurobi Status: 9
F16,P16_3,4,200000,300000,1817,205334,207151,7151,Scheduled - Deadline Met,Yes,Yes,2700.0821871757507,45.001369786262515,Time Limit Exceeded,15181064.0,Gurobi Status: 9
F16,P16_4,4,300000,400000,1817,304220,306037,6037,Scheduled - Deadline Met,Yes,Yes,2700.0821871757507,45.001369786262515,Time Limit Exceeded,15181064.0,Gurobi Status: 9
F16,P16_5,4,400000,500000,1817,410526,412343,12343,Scheduled - Deadline Met,Yes,Yes,2700.0821871757507,45.001369786262515,Time Limit Exceeded,15181064.0,Gurobi Status: 9
F16,P16_6,4,500000,600000,1817,516393,518210,18210,Scheduled - Deadline Met,Yes,Yes,2700.0821871757507,45.001369786262515,Time Limit Exceeded,15181064.0,Gurobi Status: 9
F16,P16_7,4,600000,700000,1817,605334,607151,7151,Scheduled - Deadline Met,Yes,Yes,2700.0821871757507,45.001369786262515,Time Limit Exceeded,15181064.0,Gurobi Status: 9
F16,P16_8,4,700000,800000,1817,704220,706037,6037,Scheduled - Deadline Met,Yes,Yes,2700.0821871757507,45.001369786262515,Time Limit Exceeded,15181064.0,Gurobi Status: 9
F16,P16_9,4,800000,900000,1817,810526,812343,12343,Scheduled - Deadline Met,Yes,Yes,2700.0821871757507,45.001369786262515,Time Limit Exceeded,15181064.0,Gurobi Status: 9
F16,P16_10,4,900000,1000000,1817,916393,918210,18210,Scheduled - Deadline Met,Yes,Yes,2700.0821871757507,45.001369786262515,Time Limit Exceeded,15181064.0,Gurobi Status: 9
F16,P16_11,4,1000000,1100000,1817,1005334,1007151,7151,Scheduled - Deadline Met,Yes,Yes,2700.0821871757507,45.001369786262515,Time Limit Exceeded,15181064.0,Gurobi Status: 9
F16,P16_12,4,1100000,1200000,1817,1104220,1106037,6037,Scheduled - Deadline Met,Yes,Yes,2700.0821871757507,45.001369786262515,Time Limit Exceeded,15181064.0,Gurobi Status: 9
F17,P17_1,3,0,200000,10700,96757,107457,107457,Scheduled - Deadline Met,Yes,Yes,2700.0821871757507,45.001369786262515,Time Limit Exceeded,15181064.0,Gurobi Status: 9
F17,P17_2,3,200000,400000,10700,235585,246285,46285,Scheduled - Deadline Met,Yes,Yes,2700.0821871757507,45.001369786262515,Time Limit Exceeded,15181064.0,Gurobi Status: 9
F17,P17_3,3,400000,600000,10700,482276,492976,92976,Scheduled - Deadline Met,Yes,Yes,2700.0821871757507,45.001369786262515,Time Limit Exceeded,15181064.0,Gurobi Status: 9
F17,P17_4,3,600000,800000,10700,635585,646285,46285,Scheduled - Deadline Met,Yes,Yes,2700.0821871757507,45.001369786262515,Time Limit Exceeded,15181064.0,Gurobi Status: 9
F17,P17_5,3,800000,1000000,10700,882276,892976,92976,Scheduled - Deadline Met,Yes,Yes,2700.0821871757507,45.001369786262515,Time Limit Exceeded,15181064.0,Gurobi Status: 9
F17,P17_6,3,1000000,1200000,10700,1035585,1046285,46285,Scheduled - Deadline Met,Yes,Yes,2700.0821871757507,45.001369786262515,Time Limit Exceeded,15181064.0,Gurobi Status: 9
F18,P18_1,2,0,400000,7998,45030,53028,53028,Scheduled - Deadline Met,Yes,Yes,2700.0821871757507,45.001369786262515,Time Limit Exceeded,15181064.0,Gurobi Status: 9
F18,P18_2,2,400000,800000,7998,429210,437208,37208,Scheduled - Deadline Met,Yes,Yes,2700.0821871757507,45.001369786262515,Time Limit Exceeded,15181064.0,Gurobi Status: 9
F18,P18_3,2,800000,1200000,7998,845030,853028,53028,Scheduled - Deadline Met,Yes,Yes,2700.0821871757507,45.001369786262515,Time Limit Exceeded,15181064.0,Gurobi Status: 9
F19,P19_1,2,0,400000,6063,53124,59187,59187,Scheduled - Deadline Met,Yes,Yes,2700.0821871757507,45.001369786262515,Time Limit Exceeded,15181064.0,Gurobi Status: 9
F19,P19_2,2,400000,800000,6063,437304,443367,43367,Scheduled - Deadline Met,Yes,Yes,2700.0821871757507,45.001369786262515,Time Limit Exceeded,15181064.0,Gurobi Status: 9
F19,P19_3,2,800000,1200000,6063,853124,859187,59187,Scheduled - Deadline Met,Yes,Yes,2700.0821871757507,45.001369786262515,Time Limit Exceeded,15181064.0,Gurobi Status: 9
F2,P2_1,4,0,400000,600,81580,82180,82180,Scheduled - Deadline Met,Yes,Yes,2700.0821871757507,45.001369786262515,Time Limit Exceeded,15181064.0,Gurobi Status: 9
F2,P2_2,4,400000,800000,600,481580,482180,82180,Scheduled - Deadline Met,Yes,Yes,2700.0821871757507,45.001369786262515,Time Limit Exceeded,15181064.0,Gurobi Status: 9
F2,P2_3,4,800000,1200000,600,881580,882180,82180,Scheduled - Deadline Met,Yes,Yes,2700.0821871757507,45.001369786262515,Time Limit Exceeded,15181064.0,Gurobi Status: 9
F20,P20_1,5,0,400000,3773,38532,42305,42305,Scheduled - Deadline Met,Yes,Yes,2700.0821871757507,45.001369786262515,Time Limit Exceeded,15181064.0,Gurobi Status: 9
F20,P20_2,5,400000,800000,3773,456771,460544,60544,Scheduled - Deadline Met,Yes,Yes,2700.0821871757507,45.001369786262515,Time Limit Exceeded,15181064.0,Gurobi Status: 9
F20,P20_3,5,800000,1200000,3773,838532,842305,42305,Scheduled - Deadline Met,Yes,Yes,2700.0821871757507,45.001369786262515,Time Limit Exceeded,15181064.0,Gurobi Status: 9
F21,P21_1,8,0,100000,1188,1114,2302,2302,Scheduled - Deadline Met,Yes,Yes,2700.0821871757507,45.001369786262515,Time Limit Exceeded,15181064.0,Gurobi Status: 9
F21,P21_2,8,100000,200000,1188,160045,161233,61233,Scheduled - Deadline Met,Yes,Yes,2700.0821871757507,45.001369786262515,Time Limit Exceeded,15181064.0,Gurobi Status: 9
F21,P21_3,8,200000,300000,1188,201114,202302,2302,Scheduled - Deadline Met,Yes,Yes,2700.0821871757507,45.001369786262515,Time Limit Exceeded,15181064.0,Gurobi Status: 9
F21,P21_4,8,300000,400000,1188,300000,301188,1188,Scheduled - Deadline Met,Yes,Yes,2700.0821871757507,45.001369786262515,Time Limit Exceeded,15181064.0,Gurobi Status: 9
F21,P21_5,8,400000,500000,1188,401114,402302,2302,Scheduled - Deadline Met,Yes,Yes,2700.0821871757507,45.001369786262515,Time Limit Exceeded,15181064.0,Gurobi Status: 9
F21,P21_6,8,500000,600000,1188,560045,561233,61233,Scheduled - Deadline Met,Yes,Yes,2700.0821871757507,45.001369786262515,Time Limit Exceeded,15181064.0,Gurobi Status: 9
F21,P21_7,8,600000,700000,1188,601114,602302,2302,Scheduled - Deadline Met,Yes,Yes,2700.0821871757507,45.001369786262515,Time Limit Exceeded,15181064.0,Gurobi Status: 9
F21,P21_8,8,700000,800000,1188,700000,701188,1188,Scheduled - Deadline Met,Yes,Yes,2700.0821871757507,45.001369786262515,Time Limit Exceeded,15181064.0,Gurobi Status: 9
F21,P21_9,8,800000,900000,1188,801114,802302,2302,Scheduled - Deadline Met,Yes,Yes,2700.0821871757507,45.001369786262515,Time Limit Exceeded,15181064.0,Gurobi Status: 9
F21,P21_10,8,900000,1000000,1188,960045,961233,61233,Scheduled - Deadline Met,Yes,Yes,2700.0821871757507,45.001369786262515,Time Limit Exceeded,15181064.0,Gurobi Status: 9
F21,P21_11,8,1000000,1100000,1188,1001114,1002302,2302,Scheduled - Deadline Met,Yes,Yes,2700.0821871757507,45.001369786262515,Time Limit Exceeded,15181064.0,Gurobi Status: 9
F21,P21_12,8,1100000,1200000,1188,1100000,1101188,1188,Scheduled - Deadline Met,Yes,Yes,2700.0821871757507,45.001369786262515,Time Limit Exceeded,15181064.0,Gurobi Status: 9
F22,P22_1,3,0,400000,4445,184596,189041,189041,Scheduled - Deadline Met,Yes,Yes,2700.0821871757507,45.001369786262515,Time Limit Exceeded,15181064.0,Gurobi Status: 9
F22,P22_2,3,400000,800000,4445,584596,589041,189041,Scheduled - Deadline Met,Yes,Yes,2700.0821871757507,45.001369786262515,Time Limit Exceeded,15181064.0,Gurobi Status: 9
F22,P22_3,3,800000,1200000,4445,984596,989041,189041,Scheduled - Deadline Met,Yes,Yes,2700.0821871757507,45.001369786262515,Time Limit Exceeded,15181064.0,Gurobi Status: 9
F23,P23_1,7,0,400000,600,6894,7494,7494,Scheduled - Deadline Met,Yes,Yes,2700.0821871757507,45.001369786262515,Time Limit Exceeded,15181064.0,Gurobi Status: 9
F23,P23_2,7,400000,800000,600,406894,407494,7494,Scheduled - Deadline Met,Yes,Yes,2700.0821871757507,45.001369786262515,Time Limit Exceeded,15181064.0,Gurobi Status: 9
F23,P23_3,7,800000,1200000,600,806894,807494,7494,Scheduled - Deadline Met,Yes,Yes,2700.0821871757507,45.001369786262515,Time Limit Exceeded,15181064.0,Gurobi Status: 9
F24,P24_1,7,0,400000,2803,2398,5201,5201,Scheduled - Deadline Met,Yes,Yes,2700.0821871757507,45.001369786262515,Time Limit Exceeded,15181064.0,Gurobi Status: 9
F24,P24_2,7,400000,800000,2803,402398,405201,5201,Scheduled - Deadline Met,Yes,Yes,2700.0821871757507,45.001369786262515,Time Limit Exceeded,15181064.0,Gurobi Status: 9
F24,P24_3,7,800000,1200000,2803,802398,805201,5201,Scheduled - Deadline Met,Yes,Yes,2700.0821871757507,45.001369786262515,Time Limit Exceeded,15181064.0,Gurobi Status: 9
F25,P25_1,1,0,400000,855,28259,29114,29114,Scheduled - Deadline Met,Yes,Yes,2700.0821871757507,45.001369786262515,Time Limit Exceeded,15181064.0,Gurobi Status: 9
F25,P25_2,1,400000,800000,855,428259,429114,29114,Scheduled - Deadline Met,Yes,Yes,2700.0821871757507,45.001369786262515,Time Limit Exceeded,15181064.0,Gurobi Status: 9
F25,P25_3,1,800000,1200000,855,828259,829114,29114,Scheduled - Deadline Met,Yes,Yes,2700.0821871757507,45.001369786262515,Time Limit Exceeded,15181064.0,Gurobi Status: 9
F26,P26_1,2,0,400000,2238,59283,61521,61521,Scheduled - Deadline Met,Yes,Yes,2700.0821871757507,45.001369786262515,Time Limit Exceeded,15181064.0,Gurobi Status: 9
F26,P26_2,2,400000,800000,2238,443463,445701,45701,Scheduled - Deadline Met,Yes,Yes,2700.0821871757507,45.001369786262515,Time Limit Exceeded,15181064.0,Gurobi Status: 9
F26,P26_3,2,800000,1200000,2238,859283,861521,61521,Scheduled - Deadline Met,Yes,Yes,2700.0821871757507,45.001369786262515,Time Limit Exceeded,15181064.0,Gurobi Status: 9
F27,P27_1,5,0,400000,1837,42401,44238,44238,Scheduled - Deadline Met,Yes,Yes,2700.0821871757507,45.001369786262515,Time Limit Exceeded,15181064.0,Gurobi Status: 9
F27,P27_2,5,400000,800000,1837,460640,462477,62477,Scheduled - Deadline Met,Yes,Yes,2700.0821871757507,45.001369786262515,Time Limit Exceeded,15181064.0,Gurobi Status: 9
F27,P27_3,5,800000,1200000,1837,842401,844238,44238,Scheduled - Deadline Met,Yes,Yes,2700.0821871757507,45.001369786262515,Time Limit Exceeded,15181064.0,Gurobi Status: 9
F28,P28_1,2,0,400000,860,61617,62477,62477,Scheduled - Deadline Met,Yes,Yes,2700.0821871757507,45.001369786262515,Time Limit Exceeded,15181064.0,Gurobi Status: 9
F28,P28_2,2,400000,800000,860,445797,446657,46657,Scheduled - Deadline Met,Yes,Yes,2700.0821871757507,45.001369786262515,Time Limit Exceeded,15181064.0,Gurobi Status: 9
F28,P28_3,2,800000,1200000,860,861617,862477,62477,Scheduled - Deadline Met,Yes,Yes,2700.0821871757507,45.001369786262515,Time Limit Exceeded,15181064.0,Gurobi Status: 9
F29,P29_1,3,0,200000,7544,126118,133662,133662,Scheduled - Deadline Met,Yes,Yes,2700.0821871757507,45.001369786262515,Time Limit Exceeded,15181064.0,Gurobi Status: 9
F29,P29_2,3,200000,400000,7544,246381,253925,53925,Scheduled - Deadline Met,Yes,Yes,2700.0821871757507,45.001369786262515,Time Limit Exceeded,15181064.0,Gurobi Status: 9
F29,P29_3,3,400000,600000,7544,493072,500616,100616,Scheduled - Deadline Met,Yes,Yes,2700.0821871757507,45.001369786262515,Time Limit Exceeded,15181064.0,Gurobi Status: 9
F29,P29_4,3,600000,800000,7544,646381,653925,53925,Scheduled - Deadline Met,Yes,Yes,2700.0821871757507,45.001369786262515,Time Limit Exceeded,15181064.0,Gurobi Status: 9
F29,P29_5,3,800000,1000000,7544,893072,900616,100616,Scheduled - Deadline Met,Yes,Yes,2700.0821871757507,45.001369786262515,Time Limit Exceeded,15181064.0,Gurobi Status: 9
F29,P29_6,3,1000000,1200000,7544,1046381,1053925,53925,Scheduled - Deadline Met,Yes,Yes,2700.0821871757507,45.001369786262515,Time Limit Exceeded,15181064.0,Gurobi Status: 9
F3,P3_1,4,0,400000,4179,77305,81484,81484,Scheduled - Deadline Met,Yes,Yes,2700.0821871757507,45.001369786262515,Time Limit Exceeded,15181064.0,Gurobi Status: 9
F3,P3_2,4,400000,800000,4179,477305,481484,81484,Scheduled - Deadline Met,Yes,Yes,2700.0821871757507,45.001369786262515,Time Limit Exceeded,15181064.0,Gurobi Status: 9
F3,P3_3,4,800000,1200000,4179,877305,881484,81484,Scheduled - Deadline Met,Yes,Yes,2700.0821871757507,45.001369786262515,Time Limit Exceeded,15181064.0,Gurobi Status: 9
F30,P30_1,4,0,100000,630,12439,13069,13069,Scheduled - Deadline Met,Yes,Yes,2700.0821871757507,45.001369786262515,Time Limit Exceeded,15181064.0,Gurobi Status: 9
F30,P30_2,4,100000,200000,630,109466,110096,10096,Scheduled - Deadline Met,Yes,Yes,2700.0821871757507,45.001369786262515,Time Limit Exceeded,15181064.0,Gurobi Status: 9
F30,P30_3,4,200000,300000,630,207247,207877,7877,Scheduled - Deadline Met,Yes,Yes,2700.0821871757507,45.001369786262515,Time Limit Exceeded,15181064.0,Gurobi Status: 9
F30,P30_4,4,300000,400000,630,306133,306763,6763,Scheduled - Deadline Met,Yes,Yes,2700.0821871757507,45.001369786262515,Time Limit Exceeded,15181064.0,Gurobi Status: 9
F30,P30_5,4,400000,500000,630,412439,413069,13069,Scheduled - Deadline Met,Yes,Yes,2700.0821871757507,45.001369786262515,Time Limit Exceeded,15181064.0,Gurobi Status: 9
F30,P30_6,4,500000,600000,630,518306,518936,18936,Scheduled - Deadline Met,Yes,Yes,2700.0821871757507,45.001369786262515,Time Limit Exceeded,15181064.0,Gurobi Status: 9
F30,P30_7,4,600000,700000,630,607247,607877,7877,Scheduled - Deadline Met,Yes,Yes,2700.0821871757507,45.001369786262515,Time Limit Exceeded,15181064.0,Gurobi Status: 9
F30,P30_8,4,700000,800000,630,706133,706763,6763,Scheduled - Deadline Met,Yes,Yes,2700.0821871757507,45.001369786262515,Time Limit Exceeded,15181064.0,Gurobi Status: 9
F30,P30_9,4,800000,900000,630,812439,813069,13069,Scheduled - Deadline Met,Yes,Yes,2700.0821871757507,45.001369786262515,Time Limit Exceeded,15181064.0,Gurobi Status: 9
F30,P30_10,4,900000,1000000,630,918306,918936,18936,Scheduled - Deadline Met,Yes,Yes,2700.0821871757507,45.001369786262515,Time Limit Exceeded,15181064.0,Gurobi Status: 9
F30,P30_11,4,1000000,1100000,630,1007247,1007877,7877,Scheduled - Deadline Met,Yes,Yes,2700.0821871757507,45.001369786262515,Time Limit Exceeded,15181064.0,Gurobi Status: 9
F30,P30_12,4,1100000,1200000,630,1106133,1106763,6763,Scheduled - Deadline Met,Yes,Yes,2700.0821871757507,45.001369786262515,Time Limit Exceeded,15181064.0,Gurobi Status: 9
F31,P31_1,8,0,400000,2731,122595,125326,125326,Scheduled - Deadline Met,Yes,Yes,2700.0821871757507,45.001369786262515,Time Limit Exceeded,15181064.0,Gurobi Status: 9
F31,P31_2,8,400000,800000,2731,531435,534166,134166,Scheduled - Deadline Met,Yes,Yes,2700.0821871757507,45.001369786262515,Time Limit Exceeded,15181064.0,Gurobi Status: 9
F31,P31_3,8,800000,1200000,2731,931435,934166,134166,Scheduled - Deadline Met,Yes,Yes,2700.0821871757507,45.001369786262515,Time Limit Exceeded,15181064.0,Gurobi Status: 9
F32,P32_1,6,0,100000,3327,15029,18356,18356,Scheduled - Deadline Met,Yes,Yes,2700.0821871757507,45.001369786262515,Time Limit Exceeded,15181064.0,Gurobi Status: 9
F32,P32_2,6,100000,200000,3327,168508,171835,71835,Scheduled - Deadline Met,Yes,Yes,2700.0821871757507,45.001369786262515,Time Limit Exceeded,15181064.0,Gurobi Status: 9
F32,P32_3,6,200000,300000,3327,209837,213164,13164,Scheduled - Deadline Met,Yes,Yes,2700.0821871757507,45.001369786262515,Time Limit Exceeded,15181064.0,Gurobi Status: 9
F32,P32_4,6,300000,400000,3327,308723,312050,12050,Scheduled - Deadline Met,Yes,Yes,2700.0821871757507,45.001369786262515,Time Limit Exceeded,15181064.0,Gurobi Status: 9
F32,P32_5,6,400000,500000,3327,415029,418356,18356,Scheduled - Deadline Met,Yes,Yes,2700.0821871757507,45.001369786262515,Time Limit Exceeded,15181064.0,Gurobi Status: 9
F32,P32_6,6,500000,600000,3327,568508,571835,71835,Scheduled - Deadline Met,Yes,Yes,2700.0821871757507,45.001369786262515,Time Limit Exceeded,15181064.0,Gurobi Status: 9
F32,P32_7,6,600000,700000,3327,609837,613164,13164,Scheduled - Deadline Met,Yes,Yes,2700.0821871757507,45.001369786262515,Time Limit Exceeded,15181064.0,Gurobi Status: 9
F32,P32_8,6,700000,800000,3327,708723,712050,12050,Scheduled - Deadline Met,Yes,Yes,2700.0821871757507,45.001369786262515,Time Limit Exceeded,15181064.0,Gurobi Status: 9
F32,P32_9,6,800000,900000,3327,815029,818356,18356,Scheduled - Deadline Met,Yes,Yes,2700.0821871757507,45.001369786262515,Time Limit Exceeded,15181064.0,Gurobi Status: 9
F32,P32_10,6,900000,1000000,3327,968508,971835,71835,Scheduled - Deadline Met,Yes,Yes,2700.0821871757507,45.001369786262515,Time Limit Exceeded,15181064.0,Gurobi Status: 9
F32,P32_11,6,1000000,1100000,3327,1009837,1013164,13164,Scheduled - Deadline Met,Yes,Yes,2700.0821871757507,45.001369786262515,Time Limit Exceeded,15181064.0,Gurobi Status: 9
F32,P32_12,6,1100000,1200000,3327,1108723,1112050,12050,Scheduled - Deadline Met,Yes,Yes,2700.0821871757507,45.001369786262515,Time Limit Exceeded,15181064.0,Gurobi Status: 9
F33,P33_1,6,0,400000,4816,160045,164861,164861,Scheduled - Deadline Met,Yes,Yes,2700.0821871757507,45.001369786262515,Time Limit Exceeded,15181064.0,Gurobi Status: 9
F33,P33_2,6,400000,800000,4816,560045,564861,164861,Scheduled - Deadline Met,Yes,Yes,2700.0821871757507,45.001369786262515,Time Limit Exceeded,15181064.0,Gurobi Status: 9
F33,P33_3,6,800000,1200000,4816,960045,964861,164861,Scheduled - Deadline Met,Yes,Yes,2700.0821871757507,45.001369786262515,Time Limit Exceeded,15181064.0,Gurobi Status: 9
F34,P34_1,6,0,200000,11907,134958,146865,146865,Scheduled - Deadline Met,Yes,Yes,2700.0821871757507,45.001369786262515,Time Limit Exceeded,15181064.0,Gurobi Status: 9
F34,P34_2,6,200000,400000,11907,269702,281609,81609,Scheduled - Deadline Met,Yes,Yes,2700.0821871757507,45.001369786262515,Time Limit Exceeded,15181064.0,Gurobi Status: 9
F34,P34_3,6,400000,600000,11907,534958,546865,146865,Scheduled - Deadline Met,Yes,Yes,2700.0821871757507,45.001369786262515,Time Limit Exceeded,15181064.0,Gurobi Status: 9
F34,P34_4,6,600000,800000,11907,669702,681609,81609,Scheduled - Deadline Met,Yes,Yes,2700.0821871757507,45.001369786262515,Time Limit Exceeded,15181064.0,Gurobi Status: 9
F34,P34_5,6,800000,1000000,11907,934958,946865,146865,Scheduled - Deadline Met,Yes,Yes,2700.0821871757507,45.001369786262515,Time Limit Exceeded,15181064.0,Gurobi Status: 9
F34,P34_6,6,1000000,1200000,11907,1069702,1081609,81609,Scheduled - Deadline Met,Yes,Yes,2700.0821871757507,45.001369786262515,Time Limit Exceeded,15181064.0,Gurobi Status: 9
F35,P35_1,2,0,200000,2652,20192,22844,22844,Scheduled - Deadline Met,Yes,Yes,2700.0821871757507,45.001369786262515,Time Limit Exceeded,15181064.0,Gurobi Status: 9
F35,P35_2,2,200000,400000,2652,215000,217652,17652,Scheduled - Deadline Met,Yes,Yes,2700.0821871757507,45.001369786262515,Time Limit Exceeded,15181064.0,Gurobi Status: 9
F35,P35_3,2,400000,600000,2652,420192,422844,22844,Scheduled - Deadline Met,Yes,Yes,2700.0821871757507,45.001369786262515,Time Limit Exceeded,15181064.0,Gurobi Status: 9
F35,P35_4,2,600000,800000,2652,615000,617652,17652,Scheduled - Deadline Met,Yes,Yes,2700.0821871757507,45.001369786262515,Time Limit Exceeded,15181064.0,Gurobi Status: 9
F35,P35_5,2,800000,1000000,2652,820192,822844,22844,Scheduled - Deadline Met,Yes,Yes,2700.0821871757507,45.001369786262515,Time Limit Exceeded,15181064.0,Gurobi Status: 9
F35,P35_6,2,1000000,1200000,2652,1015000,1017652,17652,Scheduled - Deadline Met,Yes,Yes,2700.0821871757507,45.001369786262515,Time Limit Exceeded,15181064.0,Gurobi Status: 9
F36,P36_1,7,0,400000,1501,5297,6798,6798,Scheduled - Deadline Met,Yes,Yes,2700.0821871757507,45.001369786262515,Time Limit Exceeded,15181064.0,Gurobi Status: 9
F36,P36_2,7,400000,800000,1501,405297,406798,6798,Scheduled - Deadline Met,Yes,Yes,2700.0821871757507,45.001369786262515,Time Limit Exceeded,15181064.0,Gurobi Status: 9
F36,P36_3,7,800000,1200000,1501,805297,806798,6798,Scheduled - Deadline Met,Yes,Yes,2700.0821871757507,45.001369786262515,Time Limit Exceeded,15181064.0,Gurobi Status: 9
F37,P37_1,6,0,400000,2759,164957,167716,167716,Scheduled - Deadline Met,Yes,Yes,2700.0821871757507,45.001369786262515,Time Limit Exceeded,15181064.0,Gurobi Status: 9
F37,P37_2,6,400000,800000,2759,564957,567716,167716,Scheduled - Deadline Met,Yes,Yes,2700.0821871757507,45.001369786262515,Time Limit Exceeded,15181064.0,Gurobi Status: 9
F37,P37_3,6,800000,1200000,2759,964957,967716,167716,Scheduled - Deadline Met,Yes,Yes,2700.0821871757507,45.001369786262515,Time Limit Exceeded,15181064.0,Gurobi Status: 9
F38,P38_1,3,0,400000,5761,178739,184500,184500,Scheduled - Deadline Met,Yes,Yes,2700.0821871757507,45.001369786262515,Time Limit Exceeded,15181064.0,Gurobi Status: 9
F38,P38_2,3,400000,800000,5761,578739,584500,184500,Scheduled - Deadline Met,Yes,Yes,2700.0821871757507,45.001369786262515,Time Limit Exceeded,15181064.0,Gurobi Status: 9
F38,P38_3,3,800000,1200000,5761,978739,984500,184500,Scheduled - Deadline Met,Yes,Yes,2700.0821871757507,45.001369786262515,Time Limit Exceeded,15181064.0,Gurobi Status: 9
F39,P39_1,1,0,400000,5223,22940,28163,28163,Scheduled - Deadline Met,Yes,Yes,2700.0821871757507,45.001369786262515,Time Limit Exceeded,15181064.0,Gurobi Status: 9
F39,P39_2,1,400000,800000,5223,422940,428163,28163,Scheduled - Deadline Met,Yes,Yes,2700.0821871757507,45.001369786262515,Time Limit Exceeded,15181064.0,Gurobi Status: 9
F39,P39_3,1,800000,1200000,5223,822940,828163,28163,Scheduled - Deadline Met,Yes,Yes,2700.0821871757507,45.001369786262515,Time Limit Exceeded,15181064.0,Gurobi Status: 9
F4,P4_1,8,0,400000,600,125422,126022,126022,Scheduled - Deadline Met,Yes,Yes,2700.0821871757507,45.001369786262515,Time Limit Exceeded,15181064.0,Gurobi Status: 9
F4,P4_2,8,400000,800000,600,534262,534862,134862,Scheduled - Deadline Met,Yes,Yes,2700.0821871757507,45.001369786262515,Time Limit Exceeded,15181064.0,Gurobi Status: 9
F4,P4_3,8,800000,1200000,600,934262,934862,134862,Scheduled - Deadline Met,Yes,Yes,2700.0821871757507,45.001369786262515,Time Limit Exceeded,15181064.0,Gurobi Status: 9
F40,P40_1,1,0,200000,1018,0,1018,1018,Scheduled - Deadline Met,Yes,Yes,2700.0821871757507,45.001369786262515,Time Limit Exceeded,15181064.0,Gurobi Status: 9
F40,P40_2,1,200000,400000,1018,200000,201018,1018,Scheduled - Deadline Met,Yes,Yes,2700.0821871757507,45.001369786262515,Time Limit Exceeded,15181064.0,Gurobi Status: 9
F40,P40_3,1,400000,600000,1018,400000,401018,1018,Scheduled - Deadline Met,Yes,Yes,2700.0821871757507,45.001369786262515,Time Limit Exceeded,15181064.0,Gurobi Status: 9
F40,P40_4,1,600000,800000,1018,600000,601018,1018,Scheduled - Deadline Met,Yes,Yes,2700.0821871757507,45.001369786262515,Time Limit Exceeded,15181064.0,Gurobi Status: 9
F40,P40_5,1,800000,1000000,1018,800000,801018,1018,Scheduled - Deadline Met,Yes,Yes,2700.0821871757507,45.001369786262515,Time Limit Exceeded,15181064.0,Gurobi Status: 9
F40,P40_6,1,1000000,1200000,1018,1000000,1001018,1018,Scheduled - Deadline Met,Yes,Yes,2700.0821871757507,45.001369786262515,Time Limit Exceeded,15181064.0,Gurobi Status: 9
F41,P41_1,4,0,200000,7789,63269,71058,71058,Scheduled - Deadline Met,Yes,Yes,2700.0821871757507,45.001369786262515,Time Limit Exceeded,15181064.0,Gurobi Status: 9
F41,P41_2,4,200000,400000,7789,221549,229338,29338,Scheduled - Deadline Met,Yes,Yes,2700.0821871757507,45.001369786262515,Time Limit Exceeded,15181064.0,Gurobi Status: 9
F41,P41_3,4,400000,600000,7789,463269,471058,71058,Scheduled - Deadline Met,Yes,Yes,2700.0821871757507,45.001369786262515,Time Limit Exceeded,15181064.0,Gurobi Status: 9
F41,P41_4,4,600000,800000,7789,621549,629338,29338,Scheduled - Deadline Met,Yes,Yes,2700.0821871757507,45.001369786262515,Time Limit Exceeded,15181064.0,Gurobi Status: 9
F41,P41_5,4,800000,1000000,7789,863269,871058,71058,Scheduled - Deadline Met,Yes,Yes,2700.0821871757507,45.001369786262515,Time Limit Exceeded,15181064.0,Gurobi Status: 9
F41,P41_6,4,1000000,1200000,7789,1021549,1029338,29338,Scheduled - Deadline Met,Yes,Yes,2700.0821871757507,45.001369786262515,Time Limit Exceeded,15181064.0,Gurobi Status: 9
F42,P42_1,2,0,50000,1768,13165,14933,14933,Scheduled - Deadline Met,Yes,Yes,2700.0821871757507,45.001369786262515,Time Limit Exceeded,15181064.0,Gurobi Status: 9
F42,P42_2,2,50000,100000,1768,63269,65037,15037,Scheduled - Deadline Met,Yes,Yes,2700.0821871757507,45.001369786262515,Time Limit Exceeded,15181064.0,Gurobi Status: 9
F42,P42_3,2,100000,150000,1768,100000,101768,1768,Scheduled - Deadline Met,Yes,Yes,2700.0821871757507,45.001369786262515,Time Limit Exceeded,15181064.0,Gurobi Status: 9
F42,P42_4,2,150000,200000,1768,161329,163097,13097,Scheduled - Deadline Met,Yes,Yes,2700.0821871757507,45.001369786262515,Time Limit Exceeded,15181064.0,Gurobi Status: 9
F42,P42_5,2,200000,250000,1768,207973,209741,9741,Scheduled - Deadline Met,Yes,Yes,2700.0821871757507,45.001369786262515,Time Limit Exceeded,15181064.0,Gurobi Status: 9
F42,P42_6,2,250000,300000,1768,250000,251768,1768,Scheduled - Deadline Met,Yes,Yes,2700.0821871757507,45.001369786262515,Time Limit Exceeded,15181064.0,Gurobi Status: 9
F42,P42_7,2,300000,350000,1768,306859,308627,8627,Scheduled - Deadline Met,Yes,Yes,2700.0821871757507,45.001369786262515,Time Limit Exceeded,15181064.0,Gurobi Status: 9
F42,P42_8,2,350000,400000,1768,350000,351768,1768,Scheduled - Deadline Met,Yes,Yes,2700.0821871757507,45.001369786262515,Time Limit Exceeded,15181064.0,Gurobi Status: 9
F42,P42_9,2,400000,450000,1768,413165,414933,14933,Scheduled - Deadline Met,Yes,Yes,2700.0821871757507,45.001369786262515,Time Limit Exceeded,15181064.0,Gurobi Status: 9
F42,P42_10,2,450000,500000,1768,450000,451768,1768,Scheduled - Deadline Met,Yes,Yes,2700.0821871757507,45.001369786262515,Time Limit Exceeded,15181064.0,Gurobi Status: 9
F42,P42_11,2,500000,550000,1768,500000,501768,1768,Scheduled - Deadline Met,Yes,Yes,2700.0821871757507,45.001369786262515,Time Limit Exceeded,15181064.0,Gurobi Status: 9
F42,P42_12,2,550000,600000,1768,561329,563097,13097,Scheduled - Deadline Met,Yes,Yes,2700.0821871757507,45.001369786262515,Time Limit Exceeded,15181064.0,Gurobi Status: 9
F42,P42_13,2,600000,650000,1768,607973,609741,9741,Scheduled - Deadline Met,Yes,Yes,2700.0821871757507,45.001369786262515,Time Limit Exceeded,15181064.0,Gurobi Status: 9
F42,P42_14,2,650000,700000,1768,650000,651768,1768,Scheduled - Deadline Met,Yes,Yes,2700.0821871757507,45.001369786262515,Time Limit Exceeded,15181064.0,Gurobi Status: 9
F42,P42_15,2,700000,750000,1768,706859,708627,8627,Scheduled - Deadline Met,Yes,Yes,2700.0821871757507,45.001369786262515,Time Limit Exceeded,15181064.0,Gurobi Status: 9
F42,P42_16,2,750000,800000,1768,750000,751768,1768,Scheduled - Deadline Met,Yes,Yes,2700.0821871757507,45.001369786262515,Time Limit Exceeded,15181064.0,Gurobi Status: 9
F42,P42_17,2,800000,850000,1768,813165,814933,14933,Scheduled - Deadline Met,Yes,Yes,2700.0821871757507,45.001369786262515,Time Limit Exceeded,15181064.0,Gurobi Status: 9
F42,P42_18,2,850000,900000,1768,863269,865037,15037,Scheduled - Deadline Met,Yes,Yes,2700.0821871757507,45.001369786262515,Time Limit Exceeded,15181064.0,Gurobi Status: 9
F42,P42_19,2,900000,950000,1768,900000,901768,1768,Scheduled - Deadline Met,Yes,Yes,2700.0821871757507,45.001369786262515,Time Limit Exceeded,15181064.0,Gurobi Status: 9
F42,P42_20,2,950000,1000000,1768,961329,963097,13097,Scheduled - Deadline Met,Yes,Yes,2700.0821871757507,45.001369786262515,Time Limit Exceeded,15181064.0,Gurobi Status: 9
F42,P42_21,2,1000000,1050000,1768,1007973,1009741,9741,Scheduled - Deadline Met,Yes,Yes,2700.0821871757507,45.001369786262515,Time Limit Exceeded,15181064.0,Gurobi Status: 9
F42,P42_22,2,1050000,1100000,1768,1050000,1051768,1768,Scheduled - Deadline Met,Yes,Yes,2700.0821871757507,45.001369786262515,Time Limit Exceeded,15181064.0,Gurobi Status: 9
F42,P42_23,2,1100000,1150000,1768,1106859,1108627,8627,Scheduled - Deadline Met,Yes,Yes,2700.0821871757507,45.001369786262515,Time Limit Exceeded,15181064.0,Gurobi Status: 9
F42,P42_24,2,1150000,1200000,1768,1150000,1151768,1768,Scheduled - Deadline Met,Yes,Yes,2700.0821871757507,45.001369786262515,Time Limit Exceeded,15181064.0,Gurobi Status: 9
F43,P43_1,3,0,400000,600,189833,190433,190433,Scheduled - Deadline Met,Yes,Yes,2700.0821871757507,45.001369786262515,Time Limit Exceeded,15181064.0,Gurobi Status: 9
F43,P43_2,3,400000,800000,600,589833,590433,190433,Scheduled - Deadline Met,Yes,Yes,2700.0821871757507,45.001369786262515,Time Limit Exceeded,15181064.0,Gurobi Status: 9
F43,P43_3,3,800000,1200000,600,989833,990433,190433,Scheduled - Deadline Met,Yes,Yes,2700.0821871757507,45.001369786262515,Time Limit Exceeded,15181064.0,Gurobi Status: 9
F44,P44_1,6,0,200000,3955,155994,159949,159949,Scheduled - Deadline Met,Yes,Yes,2700.0821871757507,45.001369786262515,Time Limit Exceeded,15181064.0,Gurobi Status: 9
F44,P44_2,6,200000,400000,3955,290738,294693,94693,Scheduled - Deadline Met,Yes,Yes,2700.0821871757507,45.001369786262515,Time Limit Exceeded,15181064.0,Gurobi Status: 9
F44,P44_3,6,400000,600000,3955,555994,559949,159949,Scheduled - Deadline Met,Yes,Yes,2700.0821871757507,45.001369786262515,Time Limit Exceeded,15181064.0,Gurobi Status: 9
F44,P44_4,6,600000,800000,3955,690738,694693,94693,Scheduled - Deadline Met,Yes,Yes,2700.0821871757507,45.001369786262515,Time Limit Exceeded,15181064.0,Gurobi Status: 9
F44,P44_5,6,800000,1000000,3955,955994,959949,159949,Scheduled - Deadline Met,Yes,Yes,2700.0821871757507,45.001369786262515,Time Limit Exceeded,15181064.0,Gurobi Status: 9
F44,P44_6,6,1000000,1200000,3955,1090738,1094693,94693,Scheduled - Deadline Met,Yes,Yes,2700.0821871757507,45.001369786262515,Time Limit Exceeded,15181064.0,Gurobi Status: 9
F45,P45_1,5,0,400000,5425,33011,38436,38436,Scheduled - Deadline Met,Yes,Yes,2700.0821871757507,45.001369786262515,Time Limit Exceeded,15181064.0,Gurobi Status: 9
F45,P45_2,5,400000,800000,5425,451250,456675,56675,Scheduled - Deadline Met,Yes,Yes,2700.0821871757507,45.001369786262515,Time Limit Exceeded,15181064.0,Gurobi Status: 9
F45,P45_3,5,800000,1200000,5425,833011,838436,38436,Scheduled - Deadline Met,Yes,Yes,2700.0821871757507,45.001369786262515,Time Limit Exceeded,15181064.0,Gurobi Status: 9
F46,P46_1,8,0,200000,6482,90179,96661,96661,Scheduled - Deadline Met,Yes,Yes,2700.0821871757507,45.001369786262515,Time Limit Exceeded,15181064.0,Gurobi Status: 9
F46,P46_2,8,200000,400000,6482,263124,269606,69606,Scheduled - Deadline Met,Yes,Yes,2700.0821871757507,45.001369786262515,Time Limit Exceeded,15181064.0,Gurobi Status: 9
F46,P46_3,8,400000,600000,6482,509815,516297,116297,Scheduled - Deadline Met,Yes,Yes,2700.0821871757507,45.001369786262515,Time Limit Exceeded,15181064.0,Gurobi Status: 9
F46,P46_4,8,600000,800000,6482,663124,669606,69606,Scheduled - Deadline Met,Yes,Yes,2700.0821871757507,45.001369786262515,Time Limit Exceeded,15181064.0,Gurobi Status: 9
F46,P46_5,8,800000,1000000,6482,909815,916297,116297,Scheduled - Deadline Met,Yes,Yes,2700.0821871757507,45.001369786262515,Time Limit Exceeded,15181064.0,Gurobi Status: 9
F46,P46_6,8,1000000,1200000,6482,1063124,1069606,69606,Scheduled - Deadline Met,Yes,Yes,2700.0821871757507,45.001369786262515,Time Limit Exceeded,15181064.0,Gurobi Status: 9
F47,P47_1,8,0,200000,7807,82276,90083,90083,Scheduled - Deadline Met,Yes,Yes,2700.0821871757507,45.001369786262515,Time Limit Exceeded,15181064.0,Gurobi Status: 9
F47,P47_2,8,200000,400000,7807,255221,263028,63028,Scheduled - Deadline Met,Yes,Yes,2700.0821871757507,45.001369786262515,Time Limit Exceeded,15181064.0,Gurobi Status: 9
F47,P47_3,8,400000,600000,7807,501912,509719,109719,Scheduled - Deadline Met,Yes,Yes,2700.0821871757507,45.001369786262515,Time Limit Exceeded,15181064.0,Gurobi Status: 9
F47,P47_4,8,600000,800000,7807,655221,663028,63028,Scheduled - Deadline Met,Yes,Yes,2700.0821871757507,45.001369786262515,Time Limit Exceeded,15181064.0,Gurobi Status: 9
F47,P47_5,8,800000,1000000,7807,901912,909719,109719,Scheduled - Deadline Met,Yes,Yes,2700.0821871757507,45.001369786262515,Time Limit Exceeded,15181064.0,Gurobi Status: 9
F47,P47_6,8,1000000,1200000,7807,1055221,1063028,63028,Scheduled - Deadline Met,Yes,Yes,2700.0821871757507,45.001369786262515,Time Limit Exceeded,15181064.0,Gurobi Status: 9
F48,P48_1,2,0,400000,600,62573,63173,63173,Scheduled - Deadline Met,Yes,Yes,2700.0821871757507,45.001369786262515,Time Limit Exceeded,15181064.0,Gurobi Status: 9
F48,P48_2,2,400000,800000,600,446753,447353,47353,Scheduled - Deadline Met,Yes,Yes,2700.0821871757507,45.001369786262515,Time Limit Exceeded,15181064.0,Gurobi Status: 9
F48,P48_3,2,800000,1200000,600,862573,863173,63173,Scheduled - Deadline Met,Yes,Yes,2700.0821871757507,45.001369786262515,Time Limit Exceeded,15181064.0,Gurobi Status: 9
F5,P5_1,8,0,400000,6043,116456,122499,122499,Scheduled - Deadline Met,Yes,Yes,2700.0821871757507,45.001369786262515,Time Limit Exceeded,15181064.0,Gurobi Status: 9
F5,P5_2,8,400000,800000,6043,525296,531339,131339,Scheduled - Deadline Met,Yes,Yes,2700.0821871757507,45.001369786262515,Time Limit Exceeded,15181064.0,Gurobi Status: 9
F5,P5_3,8,800000,1200000,6043,925296,931339,131339,Scheduled - Deadline Met,Yes,Yes,2700.0821871757507,45.001369786262515,Time Limit Exceeded,15181064.0,Gurobi Status: 9
F6,P6_1,4,0,50000,2840,7590,10430,10430,Scheduled - Deadline Met,Yes,Yes,2700.0821871757507,45.001369786262515,Time Limit Exceeded,15181064.0,Gurobi Status: 9
F6,P6_2,4,50000,100000,2840,82276,85116,35116,Scheduled - Deadline Met,Yes,Yes,2700.0821871757507,45.001369786262515,Time Limit Exceeded,15181064.0,Gurobi Status: 9
F6,P6_3,4,100000,150000,2840,101864,104704,4704,Scheduled - Deadline Met,Yes,Yes,2700.0821871757507,45.001369786262515,Time Limit Exceeded,15181064.0,Gurobi Status: 9
F6,P6_4,4,150000,200000,2840,163193,166033,16033,Scheduled - Deadline Met,Yes,Yes,2700.0821871757507,45.001369786262515,Time Limit Exceeded,15181064.0,Gurobi Status: 9
F6,P6_5,4,200000,250000,2840,202398,205238,5238,Scheduled - Deadline Met,Yes,Yes,2700.0821871757507,45.001369786262515,Time Limit Exceeded,15181064.0,Gurobi Status: 9
F6,P6_6,4,250000,300000,2840,251864,254704,4704,Scheduled - Deadline Met,Yes,Yes,2700.0821871757507,45.001369786262515,Time Limit Exceeded,15181064.0,Gurobi Status: 9
F6,P6_7,4,300000,350000,2840,301284,304124,4124,Scheduled - Deadline Met,Yes,Yes,2700.0821871757507,45.001369786262515,Time Limit Exceeded,15181064.0,Gurobi Status: 9
F6,P6_8,4,350000,400000,2840,351864,354704,4704,Scheduled - Deadline Met,Yes,Yes,2700.0821871757507,45.001369786262515,Time Limit Exceeded,15181064.0,Gurobi Status: 9
F6,P6_9,4,400000,450000,2840,407590,410430,10430,Scheduled - Deadline Met,Yes,Yes,2700.0821871757507,45.001369786262515,Time Limit Exceeded,15181064.0,Gurobi Status: 9
F6,P6_10,4,450000,500000,2840,482276,485116,35116,Scheduled - Deadline Met,Yes,Yes,2700.0821871757507,45.001369786262515,Time Limit Exceeded,15181064.0,Gurobi Status: 9
F6,P6_11,4,500000,550000,2840,501864,504704,4704,Scheduled - Deadline Met,Yes,Yes,2700.0821871757507,45.001369786262515,Time Limit Exceeded,15181064.0,Gurobi Status: 9
F6,P6_12,4,550000,600000,2840,563193,566033,16033,Scheduled - Deadline Met,Yes,Yes,2700.0821871757507,45.001369786262515,Time Limit Exceeded,15181064.0,Gurobi Status: 9
F6,P6_13,4,600000,650000,2840,602398,605238,5238,Scheduled - Deadline Met,Yes,Yes,2700.0821871757507,45.001369786262515,Time Limit Exceeded,15181064.0,Gurobi Status: 9
F6,P6_14,4,650000,700000,2840,651864,654704,4704,Scheduled - Deadline Met,Yes,Yes,2700.0821871757507,45.001369786262515,Time Limit Exceeded,15181064.0,Gurobi Status: 9
F6,P6_15,4,700000,750000,2840,701284,704124,4124,Scheduled - Deadline Met,Yes,Yes,2700.0821871757507,45.001369786262515,Time Limit Exceeded,15181064.0,Gurobi Status: 9
F6,P6_16,4,750000,800000,2840,751864,754704,4704,Scheduled - Deadline Met,Yes,Yes,2700.0821871757507,45.001369786262515,Time Limit Exceeded,15181064.0,Gurobi Status: 9
F6,P6_17,4,800000,850000,2840,807590,810430,10430,Scheduled - Deadline Met,Yes,Yes,2700.0821871757507,45.001369786262515,Time Limit Exceeded,15181064.0,Gurobi Status: 9
F6,P6_18,4,850000,900000,2840,882276,885116,35116,Scheduled - Deadline Met,Yes,Yes,2700.0821871757507,45.001369786262515,Time Limit Exceeded,15181064.0,Gurobi Status: 9
F6,P6_19,4,900000,950000,2840,901864,904704,4704,Scheduled - Deadline Met,Yes,Yes,2700.0821871757507,45.001369786262515,Time Limit Exceeded,15181064.0,Gurobi Status: 9
F6,P6_20,4,950000,1000000,2840,963193,966033,16033,Scheduled - Deadline Met,Yes,Yes,2700.0821871757507,45.001369786262515,Time Limit Exceeded,15181064.0,Gurobi Status: 9
F6,P6_21,4,1000000,1050000,2840,1002398,1005238,5238,Scheduled - Deadline Met,Yes,Yes,2700.0821871757507,45.001369786262515,Time Limit Exceeded,15181064.0,Gurobi Status: 9
F6,P6_22,4,1050000,1100000,2840,1051864,1054704,4704,Scheduled - Deadline Met,Yes,Yes,2700.0821871757507,45.001369786262515,Time Limit Exceeded,15181064.0,Gurobi Status: 9
F6,P6_23,4,1100000,1150000,2840,1101284,1104124,4124,Scheduled - Deadline Met,Yes,Yes,2700.0821871757507,45.001369786262515,Time Limit Exceeded,15181064.0,Gurobi Status: 9
F6,P6_24,4,1150000,1200000,2840,1151864,1154704,4704,Scheduled - Deadline Met,Yes,Yes,2700.0821871757507,45.001369786262515,Time Limit Exceeded,15181064.0,Gurobi Status: 9
F7,P7_1,6,0,400000,600,167812,168412,168412,Scheduled - Deadline Met,Yes,Yes,2700.0821871757507,45.001369786262515,Time Limit Exceeded,15181064.0,Gurobi Status: 9
F7,P7_2,6,400000,800000,600,567812,568412,168412,Scheduled - Deadline Met,Yes,Yes,2700.0821871757507,45.001369786262515,Time Limit Exceeded,15181064.0,Gurobi Status: 9
F7,P7_3,6,800000,1200000,600,967812,968412,168412,Scheduled - Deadline Met,Yes,Yes,2700.0821871757507,45.001369786262515,Time Limit Exceeded,15181064.0,Gurobi Status: 9
F8,P8_1,5,0,200000,3705,29210,32915,32915,Scheduled - Deadline Met,Yes,Yes,2700.0821871757507,45.001369786262515,Time Limit Exceeded,15181064.0,Gurobi Status: 9
F8,P8_2,5,200000,400000,3705,217748,221453,21453,Scheduled - Deadline Met,Yes,Yes,2700.0821871757507,45.001369786262515,Time Limit Exceeded,15181064.0,Gurobi Status: 9
F8,P8_3,5,400000,600000,3705,447449,451154,51154,Scheduled - Deadline Met,Yes,Yes,2700.0821871757507,45.001369786262515,Time Limit Exceeded,15181064.0,Gurobi Status: 9
F8,P8_4,5,600000,800000,3705,617748,621453,21453,Scheduled - Deadline Met,Yes,Yes,2700.0821871757507,45.001369786262515,Time Limit Exceeded,15181064.0,Gurobi Status: 9
F8,P8_5,5,800000,1000000,3705,829210,832915,32915,Scheduled - Deadline Met,Yes,Yes,2700.0821871757507,45.001369786262515,Time Limit Exceeded,15181064.0,Gurobi Status: 9
F8,P8_6,5,1000000,1200000,3705,1017748,1021453,21453,Scheduled - Deadline Met,Yes,Yes,2700.0821871757507,45.001369786262515,Time Limit Exceeded,15181064.0,Gurobi Status: 9
F9,P9_1,6,0,200000,8937,146961,155898,155898,Scheduled - Deadline Met,Yes,Yes,2700.0821871757507,45.001369786262515,Time Limit Exceeded,15181064.0,Gurobi Status: 9
F9,P9_2,6,200000,400000,8937,281705,290642,90642,Scheduled - Deadline Met,Yes,Yes,2700.0821871757507,45.001369786262515,Time Limit Exceeded,15181064.0,Gurobi Status: 9
F9,P9_3,6,400000,600000,8937,546961,555898,155898,Scheduled - Deadline Met,Yes,Yes,2700.0821871757507,45.001369786262515,Time Limit Exceeded,15181064.0,Gurobi Status: 9
F9,P9_4,6,600000,800000,8937,681705,690642,90642,Scheduled - Deadline Met,Yes,Yes,2700.0821871757507,45.001369786262515,Time Limit Exceeded,15181064.0,Gurobi Status: 9
F9,P9_5,6,800000,1000000,8937,946961,955898,155898,Scheduled - Deadline Met,Yes,Yes,2700.0821871757507,45.001369786262515,Time Limit Exceeded,15181064.0,Gurobi Status: 9
F9,P9_6,6,1000000,1200000,8937,1081705,1090642,90642,Scheduled - Deadline Met,Yes,Yes,2700.0821871757507,45.001369786262515,Time Limit Exceeded,15181064.0,Gurobi Status: 9
